Date,Quantité
Date,Quantité
Date,Quantité
Date,Quantité
Date,Quantité
Date,Quantité
Date,Quantité
Date,Quantité
Date,Quantité
Date,Quantité
Date,Quantité
Date,Quantité
Date,Quantité
Date,Quantité
Date,Quantité
Date,Quantité
Date,Quantité
Date,Quantité
Date,Quantité
Date,Quantité
Date,Quantité
Date,Quantité
Date,Quantité
Date,Quantité
Date,Quantité
Date,Quantité
Date,Quantité
Date,Quantité
Date,Quantité
Date,Quantité
Date,Quantité
Date,Quantité
Date,Quantité
Date,Quantité
Date,Quantité
Date,Quantité
Date,Quantité
Date,Quantité
Date,Quantité
Date,Quantité
Date,Quantité
Date,Quantité
Date,Quantité
Date,Quantité
Date,Quantité
Date,Quantité
Date,Quantité
Date,Quantité
Date,Quantité
Date,Quantité
Date,Quantité
Date,Quantité
Date,Quantité
Date,Quantité
Date,Quantité
Date,Quantité
Date,Quantité
Date,Quantité
Date,Quantité
Date,Quantité
Date,Quantité
Date,Quantité
Date,Quantité
Date,Quantité
Date,Quantité
Date,Quantité
Date,Quantité
Date,Quantité
Date,Quantité
Date,Quantité
Date,Quantité
Date,Quantité
Date,Quantité
Date,Quantité
Date,Quantité
Date,Quantité
Date,Quantité
Date,Quantité
Date,Quantité
Date,Quantité
Date,Quantité
Date,Quantité
Date,Quantité
Date,Quantité
Date,Quantité
Date,Quantité
Date,Quantité
Date,Quantité
Date,Quantité
Date,Quantité
Date,Quantité
Date,Quantité
Date,Quantité
Date,Quantité
Date,Quantité
Date,Quantité
Date,Quantité
Date,Quantité
Date,Quantité
Date,Quantité
Date,Quantité
Date,Quantité
Date,Quantité
Date,Quantité
Date,Quantité
Date,Quantité
Date,Quantité
Date,Quantité
Date,Quantité
Date,Quantité
Date,Quantité
Date,Quantité
Date,Quantité
Date,Quantité
Date,Quantité
Date,Quantité
Date,Quantité
Date,Quantité
Date,Quantité
Date,Quantité
Date,Quantité
Date,Quantité
Date,Quantité
Date,Quantité
Date,Quantité
Date,Quantité
Date,Quantité
Date,Quantité
Date,Quantité
Date,Quantité
Date,Quantité
Date,Quantité
Date,Quantité
Date,Quantité
Date,Quantité
Date,Quantité
Date,Quantité
Date,Quantité
Date,Quantité
Date,Quantité
Date,Quantité
Date,Quantité
Date,Quantité
Date,Quantité
Date,Quantité
Date,Quantité
Date,Quantité
Date,Quantité
Date,Quantité
Date,Quantité
Date,Quantité
Date,Quantité
Date,Quantité
Date,Quantité
Date,Quantité
Date,Quantité
Date,Quantité
Date,Quantité
Date,Quantité
Date,Quantité
Date,Quantité
Date,Quantité
Date,Quantité
Date,Quantité
Date,Quantité
Date,Quantité
Date,Quantité
Date,Quantité
Date,Quantité
Date,Quantité
Date,Quantité
Date,Quantité
Date,Quantité
Date,Quantité
Date,Quantité
Date,Quantité
Date,Quantité
Date,Quantité
Date,Quantité
Date,Quantité
Date,Quantité
Date,Quantité
Date,Quantité
Date,Quantité
Date,Quantité
Date,Quantité
Date,Quantité
Date,Quantité
Date,Quantité
Date,Quantité
Date,Quantité
Date,Quantité
Date,Quantité
Date,Quantité
Date,Quantité
Date,Quantité
Date,Quantité
Date,Quantité
Date,Quantité
Date,Quantité
Date,Quantité
Date,Quantité
Date,Quantité
Date,Quantité
Date,Quantité
Date,Quantité
Date,Quantité
Date,Quantité
Date,Quantité
Date,Quantité
Date,Quantité
Date,Quantité
Date,Quantité
Date,Quantité
Date,Quantité
Date,Quantité
Date,Quantité
Date,Quantité
Date,Quantité
Date,Quantité
Date,Quantité
Date,Quantité
Date,Quantité
Date,Quantité
Date,Quantité
Date,Quantité
Date,Quantité
Date,Quantité
Date,Quantité
Date,Quantité
Date,Quantité
Date,Quantité
Date,Quantité
Date,Quantité
Date,Quantité
Date,Quantité
Date,Quantité
Date,Quantité
Date,Quantité
Date,Quantité
Date,Quantité
Date,Quantité
Date,Quantité
Date,Quantité
Date,Quantité
Date,Quantité
Date,Quantité
Date,Quantité
Date,Quantité
Date,Quantité
Date,Quantité
Date,Quantité
Date,Quantité
Date,Quantité
Date,Quantité
Date,Quantité
Date,Quantité
Date,Quantité
Date,Quantité
Date,Quantité
Date,Quantité
Date,Quantité
Date,Quantité
Date,Quantité
Date,Quantité
Date,Quantité
Date,Quantité
Date,Quantité
Date,Quantité
Date,Quantité
Date,Quantité
Date,Quantité
Date,Quantité
Date,Quantité
Date,Quantité
Date,Quantité
Date,Quantité
Date,Quantité
Date,Quantité
Date,Quantité
Date,Quantité
Date,Quantité
Date,Quantité
Date,Quantité
Date,Quantité
Date,Quantité
Date,Quantité
Date,Quantité
Date,Quantité
Date,Quantité
Date,Quantité
Date,Quantité
Date,Quantité
Date,Quantité
Date,Quantité
Date,Quantité
Date,Quantité
Date,Quantité
Date,Quantité
Date,Quantité
Date,Quantité
Date,Quantité
Date,Quantité
Date,Quantité
Date,Quantité
Date,Quantité
Date,Quantité
Date,Quantité
Date,Quantité
Date,Quantité
Date,Quantité
Date,Quantité
Date,Quantité
Date,Quantité
Date,Quantité
Date,Quantité
Date,Quantité
Date,Quantité
Date,Quantité
Date,Quantité
Date,Quantité
Date,Quantité
Date,Quantité
Date,Quantité
Date,Quantité
Date,Quantité
Date,Quantité
Date,Quantité
Date,Quantité
Date,Quantité
Date,Quantité
Date,Quantité
Date,Quantité
Date,Quantité
Date,Quantité
Date,Quantité
Date,Quantité
Date,Quantité
Date,Quantité
Date,Quantité
Date,Quantité
Date,Quantité
Date,Quantité
Date,Quantité
Date,Quantité
Date,Quantité
Date,Quantité
Date,Quantité
Date,Quantité
Date,Quantité
Date,Quantité
Date,Quantité
Date,Quantité
Date,Quantité
Date,Quantité
Date,Quantité
Date,Quantité
Date,Quantité
Date,Quantité
Date,Quantité
Date,Quantité
Date,Quantité
Date,Quantité
Date,Quantité
Date,Quantité
Date,Quantité
Date,Quantité
Date,Quantité
Date,Quantité
Date,Quantité
Date,Quantité
Date,Quantité
Date,Quantité
Date,Quantité
Date,Quantité
Date,Quantité
Date,Quantité
Date,Quantité
Date,Quantité
Date,Quantité
Date,Quantité
Date,Quantité
Date,Quantité
Date,Quantité
Date,Quantité
Date,Quantité
Date,Quantité
Date,Quantité
Date,Quantité
Date,Quantité
Date,Quantité
Date,Quantité
Date,Quantité
Date,Quantité
Date,Quantité
Date,Quantité
Date,Quantité
Date,Quantité
Date,Quantité
Date,Quantité
Date,Quantité
Date,Quantité
Date,Quantité
Date,Quantité
Date,Quantité
Date,Quantité
Date,Quantité
Date,Quantité
Date,Quantité
Date,Quantité
Date,Quantité
Date,Quantité
Date,Quantité
Date,Quantité
Date,Quantité
Date,Quantité
Date,Quantité
Date,Quantité
Date,Quantité
Date,Quantité
Date,Quantité
Date,Quantité
Date,Quantité
Date,Quantité
Date,Quantité
Date,Quantité
Date,Quantité
Date,Quantité
Date,Quantité
Date,Quantité
Date,Quantité
Date,Quantité
Date,Quantité
Date,Quantité
Date,Quantité
Date,Quantité
Date,Quantité
Date,Quantité
Date,Quantité
Date,Quantité
Date,Quantité
Date,Quantité
Date,Quantité
Date,Quantité
Date,Quantité
Date,Quantité
Date,Quantité
Date,Quantité
Date,Quantité
Date,Quantité
Date,Quantité
Date,Quantité
Date,Quantité
Date,Quantité
Date,Quantité
Date,Quantité
Date,Quantité
Date,Quantité
Date,Quantité
Date,Quantité
Date,Quantité
Date,Quantité
Date,Quantité
Date,Quantité
Date,Quantité
Date,Quantité
Date,Quantité
Date,Quantité
Date,Quantité
Date,Quantité
Date,Quantité
Date,Quantité
Date,Quantité
Date,Quantité
Date,Quantité
Date,Quantité
Date,Quantité
Date,Quantité
Date,Quantité
Date,Quantité
Date,Quantité
Date,Quantité
Date,Quantité
Date,Quantité
Date,Quantité
Date,Quantité
Date,Quantité
Date,Quantité
Date,Quantité
Date,Quantité
Date,Quantité
Date,Quantité
Date,Quantité
Date,Quantité
Date,Quantité
Date,Quantité
Date,Quantité
Date,Quantité
Date,Quantité
Date,Quantité
Date,Quantité
Date,Quantité
Date,Quantité
Date,Quantité
Date,Quantité
Date,Quantité
Date,Quantité
Date,Quantité
Date,Quantité
Date,Quantité
Date,Quantité
Date,Quantité
Date,Quantité
Date,Quantité
Date,Quantité
Date,Quantité
Date,Quantité
Date,Quantité
Date,Quantité
Date,Quantité
Date,Quantité
Date,Quantité
Date,Quantité
Date,Quantité
Date,Quantité
Date,Quantité
Date,Quantité
Date,Quantité
Date,Quantité
Date,Quantité
Date,Quantité
Date,Quantité
Date,Quantité
Date,Quantité
Date,Quantité
Date,Quantité
Date,Quantité
Date,Quantité
Date,Quantité
Date,Quantité
Date,Quantité
Date,Quantité
Date,Quantité
Date,Quantité
Date,Quantité
Date,Quantité
Date,Quantité
Date,Quantité
Date,Quantité
Date,Quantité
Date,Quantité
Date,Quantité
Date,Quantité
Date,Quantité
Date,Quantité
Date,Quantité
Date,Quantité
Date,Quantité
Date,Quantité
Date,Quantité
Date,Quantité
Date,Quantité
Date,Quantité
Date,Quantité
Date,Quantité
Date,Quantité
Date,Quantité
Date,Quantité
Date,Quantité
Date,Quantité
Date,Quantité
Date,Quantité
Date,Quantité
Date,Quantité
Date,Quantité
Date,Quantité
Date,Quantité
Date,Quantité
Date,Quantité
Date,Quantité
Date,Quantité
Date,Quantité
Date,Quantité
Date,Quantité
Date,Quantité
Date,Quantité
Date,Quantité
Date,Quantité
Date,Quantité
Date,Quantité
Date,Quantité
Date,Quantité
Date,Quantité
Date,Quantité
Date,Quantité
Date,Quantité
Date,Quantité
Date,Quantité
Date,Quantité
Date,Quantité
Date,Quantité
Date,Quantité
Date,Quantité
Date,Quantité
Date,Quantité
Date,Quantité
Date,Quantité
Date,Quantité
Date,Quantité
Date,Quantité
Date,Quantité
Date,Quantité
Date,Quantité
Date,Quantité
Date,Quantité
Date,Quantité
Date,Quantité
Date,Quantité
Date,Quantité
Date,Quantité
Date,Quantité
Date,Quantité
Date,Quantité
Date,Quantité
Date,Quantité
Date,Quantité
Date,Quantité
Date,Quantité
Date,Quantité
Date,Quantité
Date,Quantité
Date,Quantité
Date,Quantité
Date,Quantité
Date,Quantité
Date,Quantité
Date,Quantité
Date,Quantité
Date,Quantité
Date,Quantité
Date,Quantité
Date,Quantité
Date,Quantité
Date,Quantité
Date,Quantité
Date,Quantité
Date,Quantité
Date,Quantité
Date,Quantité
Date,Quantité
Date,Quantité
Date,Quantité
Date,Quantité
Date,Quantité
Date,Quantité
Date,Quantité
Date,Quantité
Date,Quantité
Date,Quantité
Date,Quantité
Date,Quantité
Date,Quantité
Date,Quantité
Date,Quantité
Date,Quantité
Date,Quantité
Date,Quantité
Date,Quantité
Date,Quantité
Date,Quantité
Date,Quantité
Date,Quantité
Date,Quantité
Date,Quantité
Date,Quantité
Date,Quantité
Date,Quantité
Date,Quantité
Date,Quantité
Date,Quantité
Date,Quantité
Date,Quantité
Date,Quantité
Date,Quantité
Date,Quantité
Date,Quantité
Date,Quantité
Date,Quantité
Date,Quantité
Date,Quantité
Date,Quantité
Date,Quantité
Date,Quantité
Date,Quantité
Date,Quantité
Date,Quantité
Date,Quantité
Date,Quantité
Date,Quantité
Date,Quantité
Date,Quantité
Date,Quantité
Date,Quantité
Date,Quantité
Date,Quantité
Date,Quantité
Date,Quantité
Date,Quantité
Date,Quantité
Date,Quantité
Date,Quantité
Date,Quantité
Date,Quantité
Date,Quantité
Date,Quantité
Date,Quantité
Date,Quantité
Date,Quantité
Date,Quantité
Date,Quantité
Date,Quantité
Date,Quantité
Date,Quantité
Date,Quantité
Date,Quantité
Date,Quantité
Date,Quantité
Date,Quantité
Date,Quantité
Date,Quantité
Date,Quantité
Date,Quantité
Date,Quantité
Date,Quantité
Date,Quantité
Date,Quantité
Date,Quantité
Date,Quantité
Date,Quantité
Date,Quantité
Date,Quantité
Date,Quantité
Date,Quantité
Date,Quantité
Date,Quantité
Date,Quantité
Date,Quantité
Date,Quantité
Date,Quantité
Date,Quantité
Date,Quantité
Date,Quantité
Date,Quantité
Date,Quantité
Date,Quantité
Date,Quantité
Date,Quantité
Date,Quantité
Date,Quantité
Date,Quantité
Date,Quantité
Date,Quantité
Date,Quantité
Date,Quantité
Date,Quantité
Date,Quantité
Date,Quantité
Date,Quantité
Date,Quantité
Date,Quantité
Date,Quantité
Date,Quantité
Date,Quantité
Date,Quantité
Date,Quantité
Date,Quantité
Date,Quantité
Date,Quantité
Date,Quantité
Date,Quantité
Date,Quantité
Date,Quantité
Date,Quantité
Date,Quantité
Date,Quantité
Date,Quantité
Date,Quantité
Date,Quantité
Date,Quantité
Date,Quantité
Date,Quantité
Date,Quantité
Date,Quantité
Date,Quantité
Date,Quantité
Date,Quantité
Date,Quantité
Date,Quantité
Date,Quantité
Date,Quantité
Date,Quantité
Date,Quantité
Date,Quantité
Date,Quantité
Date,Quantité
Date,Quantité
Date,Quantité
Date,Quantité
Date,Quantité
Date,Quantité
Date,Quantité
Date,Quantité
Date,Quantité
Date,Quantité
Date,Quantité
Date,Quantité
Date,Quantité
Date,Quantité
Date,Quantité
Date,Quantité
Date,Quantité
Date,Quantité
Date,Quantité
Date,Quantité
Date,Quantité
Date,Quantité
Date,Quantité
Date,Quantité
Date,Quantité
Date,Quantité
Date,Quantité
Date,Quantité
Date,Quantité
Date,Quantité
Date,Quantité
Date,Quantité
Date,Quantité
Date,Quantité
Date,Quantité
Date,Quantité
Date,Quantité
Date,Quantité
Date,Quantité
Date,Quantité
Date,Quantité
Date,Quantité
Date,Quantité
Date,Quantité
Date,Quantité
Date,Quantité
Date,Quantité
Date,Quantité
Date,Quantité
Date,Quantité
Date,Quantité
Date,Quantité
Date,Quantité
Date,Quantité
Date,Quantité
Date,Quantité
Date,Quantité
Date,Quantité
Date,Quantité
Date,Quantité
Date,Quantité
Date,Quantité
Date,Quantité
Date,Quantité
Date,Quantité
Date,Quantité
Date,Quantité
Date,Quantité
Date,Quantité
Date,Quantité
Date,Quantité
Date,Quantité
Date,Quantité
Date,Quantité
Date,Quantité
Date,Quantité
Date,Quantité
Date,Quantité
Date,Quantité
Date,Quantité
Date,Quantité
Date,Quantité
Date,Quantité
Date,Quantité
Date,Quantité
Date,Quantité
Date,Quantité
Date,Quantité
Date,Quantité
Date,Quantité
Date,Quantité
Date,Quantité
Date,Quantité
Date,Quantité
Date,Quantité
Date,Quantité
Date,Quantité
Date,Quantité
Date,Quantité
Date,Quantité
Date,Quantité
Date,Quantité
Date,Quantité
Date,Quantité
Date,Quantité
Date,Quantité
Date,Quantité
Date,Quantité
Date,Quantité
Date,Quantité
Date,Quantité
Date,Quantité
Date,Quantité
Date,Quantité
Date,Quantité
Date,Quantité
Date,Quantité
Date,Quantité
Date,Quantité
Date,Quantité
Date,Quantité
Date,Quantité
Date,Quantité
Date,Quantité
Date,Quantité
Date,Quantité
Date,Quantité
Date,Quantité
Date,Quantité
Date,Quantité
Date,Quantité
Date,Quantité
Date,Quantité
Date,Quantité
Date,Quantité
Date,Quantité
Date,Quantité
Date,Quantité
Date,Quantité
Date,Quantité
Date,Quantité
Date,Quantité
Date,Quantité
Date,Quantité
Date,Quantité
Date,Quantité
Date,Quantité
Date,Quantité
Date,Quantité
Date,Quantité
Date,Quantité
Date,Quantité
Date,Quantité
Date,Quantité
Date,Quantité
Date,Quantité
Date,Quantité
Date,Quantité
Date,Quantité
Date,Quantité
Date,Quantité
Date,Quantité
Date,Quantité
Date,Quantité
Date,Quantité
Date,Quantité
Date,Quantité
Date,Quantité
Date,Quantité
Date,Quantité
Date,Quantité
Date,Quantité
Date,Quantité
Date,Quantité
Date,Quantité
Date,Quantité
Date,Quantité
Date,Quantité
Date,Quantité
Date,Quantité
Date,Quantité
Date,Quantité
Date,Quantité
Date,Quantité
Date,Quantité
Date,Quantité
Date,Quantité
Date,Quantité
Date,Quantité
Date,Quantité
Date,Quantité
Date,Quantité
Date,Quantité
Date,Quantité
Date,Quantité
Date,Quantité
Date,Quantité
Date,Quantité
Date,Quantité
Date,Quantité
Date,Quantité
Date,Quantité
Date,Quantité
Date,Quantité
Date,Quantité
Date,Quantité
Date,Quantité
Date,Quantité
Date,Quantité
Date,Quantité
Date,Quantité
Date,Quantité
Date,Quantité
Date,Quantité
Date,Quantité
Date,Quantité
Date,Quantité
Date,Quantité
Date,Quantité
Date,Quantité
Date,Quantité
Date,Quantité
Date,Quantité
Date,Quantité
Date,Quantité
Date,Quantité
Date,Quantité
Date,Quantité
Date,Quantité
Date,Quantité
Date,Quantité
Date,Quantité
Date,Quantité
Date,Quantité
Date,Quantité
Date,Quantité
Date,Quantité
Date,Quantité
Date,Quantité
Date,Quantité
Date,Quantité
Date,Quantité
Date,Quantité
Date,Quantité
Date,Quantité
Date,Quantité
Date,Quantité
Date,Quantité
Date,Quantité
Date,Quantité
Date,Quantité
Date,Quantité
Date,Quantité
Date,Quantité
Date,Quantité
Date,Quantité
Date,Quantité
Date,Quantité
Date,Quantité
Date,Quantité
Date,Quantité
Date,Quantité
Date,Quantité
Date,Quantité
Date,Quantité
Date,Quantité
Date,Quantité
Date,Quantité
Date,Quantité
Date,Quantité
Date,Quantité
Date,Quantité
Date,Quantité
Date,Quantité
Date,Quantité
Date,Quantité
Date,Quantité
Date,Quantité
Date,Quantité
Date,Quantité
Date,Quantité
Date,Quantité
Date,Quantité
Date,Quantité
Date,Quantité
Date,Quantité
Date,Quantité
Date,Quantité
Date,Quantité
Date,Quantité
Date,Quantité
Date,Quantité
Date,Quantité
Date,Quantité
Date,Quantité
Date,Quantité
Date,Quantité
Date,Quantité
Date,Quantité
Date,Quantité
Date,Quantité
Date,Quantité
Date,Quantité
Date,Quantité
Date,Quantité
Date,Quantité
Date,Quantité
Date,Quantité
Date,Quantité
Date,Quantité
Date,Quantité
Date,Quantité
Date,Quantité
Date,Quantité
Date,Quantité
Date,Quantité
Date,Quantité
Date,Quantité
Date,Quantité
Date,Quantité
Date,Quantité
Date,Quantité
Date,Quantité
Date,Quantité
Date,Quantité
Date,Quantité
Date,Quantité
Date,Quantité
Date,Quantité
Date,Quantité
Date,Quantité
Date,Quantité
Date,Quantité
Date,Quantité
Date,Quantité
Date,Quantité
Date,Quantité
Date,Quantité
Date,Quantité
Date,Quantité
Date,Quantité
Date,Quantité
Date,Quantité
Date,Quantité
Date,Quantité
Date,Quantité
Date,Quantité
Date,Quantité
Date,Quantité
Date,Quantité
Date,Quantité
Date,Quantité
Date,Quantité
Date,Quantité
Date,Quantité
Date,Quantité
Date,Quantité
Date,Quantité
Date,Quantité
Date,Quantité
Date,Quantité
Date,Quantité
Date,Quantité
Date,Quantité
Date,Quantité
Date,Quantité
Date,Quantité
Date,Quantité
Date,Quantité
Date,Quantité
Date,Quantité
Date,Quantité
Date,Quantité
Date,Quantité
Date,Quantité
Date,Quantité
Date,Quantité
Date,Quantité
Date,Quantité
Date,Quantité
Date,Quantité
Date,Quantité
Date,Quantité
Date,Quantité
Date,Quantité
Date,Quantité
Date,Quantité
Date,Quantité
Date,Quantité
Date,Quantité
Date,Quantité
Date,Quantité
Date,Quantité
Date,Quantité
Date,Quantité
Date,Quantité
Date,Quantité
Date,Quantité
Date,Quantité
Date,Quantité
Date,Quantité
Date,Quantité
Date,Quantité
Date,Quantité
Date,Quantité
Date,Quantité
Date,Quantité
Date,Quantité
Date,Quantité
Date,Quantité
Date,Quantité
Date,Quantité
Date,Quantité
Date,Quantité
Date,Quantité
Date,Quantité
Date,Quantité
Date,Quantité
Date,Quantité
Date,Quantité
Date,Quantité
Date,Quantité
Date,Quantité
Date,Quantité
Date,Quantité
Date,Quantité
Date,Quantité
Date,Quantité
Date,Quantité
Date,Quantité
Date,Quantité
Date,Quantité
Date,Quantité
Date,Quantité
Date,Quantité
Date,Quantité
Date,Quantité
Date,Quantité
Date,Quantité
Date,Quantité
Date,Quantité
Date,Quantité
Date,Quantité
Date,Quantité
Date,Quantité
Date,Quantité
Date,Quantité
Date,Quantité
Date,Quantité
Date,Quantité
Date,Quantité
Date,Quantité
Date,Quantité
Date,Quantité
Date,Quantité
Date,Quantité
Date,Quantité
Date,Quantité
Date,Quantité
Date,Quantité
Date,Quantité
Date,Quantité
Date,Quantité
Date,Quantité
Date,Quantité
Date,Quantité
Date,Quantité
Date,Quantité
Date,Quantité
Date,Quantité
Date,Quantité
Date,Quantité
Date,Quantité
Date,Quantité
Date,Quantité
Date,Quantité
Date,Quantité
Date,Quantité
Date,Quantité
Date,Quantité
Date,Quantité
Date,Quantité
Date,Quantité
Date,Quantité
Date,Quantité
Date,Quantité
Date,Quantité
Date,Quantité
Date,Quantité
Date,Quantité
Date,Quantité
Date,Quantité
Date,Quantité
Date,Quantité
Date,Quantité
Date,Quantité
Date,Quantité
Date,Quantité
Date,Quantité
Date,Quantité
Date,Quantité
Date,Quantité
Date,Quantité
Date,Quantité
Date,Quantité
Date,Quantité
Date,Quantité
Date,Quantité
